<application>
  <component name="ExportableFileTemplateSettings">
    <internal_templates>
      <template name="Class.java" reformat="true" live-template-enabled="true" enabled="true" />
    </internal_templates>
    <includes_templates>
      <template name="Dart File Header.dart" reformat="true" live-template-enabled="true" />
      <template name="File Header.java" reformat="true" live-template-enabled="true" enabled="true" />
      <template name="Java File Header.java" reformat="true" live-template-enabled="true" />
      <template name="Kotlin File.kt" reformat="true" live-template-enabled="true" />
    </includes_templates>
  </component>
</application>