<application>
  <component name="AppStorage">
    <histories>
      <item value="Mediator" />
      <item value="Returns the inset from the bottom which avoids the display cutout in pixels." />
      <item value="pluginActivity?.videoPlugin?.apply {" />
      <item value="detail" />
      <item value="Timeline" />
      <item value="music Low Band Url" />
      <item value="ALTER" />
      <item value="Response" />
      <item value="Charset" />
      <item value="reversed" />
      <item value="Revert" />
      <item value="on Parsing" />
      <item value="Parser" />
      <item value="set Notification Silent" />
    </histories>
    <option name="languageScores">
      <map>
        <entry key="CHINESE" value="11" />
        <entry key="ENGLISH" value="12" />
        <entry key="GERMAN" value="1" />
      </map>
    </option>
  </component>
</application>